{
  "sections": {
    "chamber": [
      0.003,
      0.0015
    ],
    "throat": [
      0.001,
      0.001
    ],
    "exit": [
      0.002,
      0.0015
    ]
  },
  "walls": {
    "inner": 0.0005,
    "outer": 0.0005
  },
  "channel_number": 80,
  "subdivisions": {
    "inner_wall": 6,
    "channel_along_radius": 10,
    "outer_wall": 6,
    "channel_along_circumference": 40,
    "side_wall": 12
  },
  "contour": [
    [
      -0.2342137,
      0.0639994
    ],
    [
      -0.1130472,
      0.0639994
    ],
    [
      -0.1107364,
      0.0639788
    ],
    [
      -0.1084255,
      0.0639168
    ],
    [
      -0.1061146,
      0.0638136
    ],
    [
      -0.1038037,
      0.0636688
    ],
    [
      -0.1014928,
      0.0634825
    ],
    [
      -0.0991819,
      0.0632545
    ],
    [
      -0.0968711,
      0.0629844
    ],
    [
      -0.0945602,
      0.0626721
    ],
    [
      -0.0922493,
      0.0623172
    ],
    [
      -0.0899384,
      0.0619194
    ],
    [
      -0.0876275,
      0.0614782
    ],
    [
      -0.0853167,
      0.0609933
    ],
    [
      -0.0830058,
      0.0604641
    ],
    [
      -0.0806949,
      0.0598901
    ],
    [
      -0.078384,
      0.0592706
    ],
    [
      -0.0760731,
      0.0586049
    ],
    [
      -0.0737622,
      0.0578924
    ],
    [
      -0.0714514,
      0.0571321
    ],
    [
      -0.0691405,
      0.0563233
    ],
    [
      -0.0668296,
      0.0554648
    ],
    [
      -0.0645187,
      0.0545557
    ],
    [
      -0.0622078,
      0.0535948
    ],
    [
      -0.0598969,
      0.0525808
    ],
    [
      -0.0575861,
      0.0515124
    ],
    [
      -0.0552752,
      0.050388
    ],
    [
      -0.0529643,
      0.049206
    ],
    [
      -0.0506534,
      0.0479646
    ],
    [
      -0.0483425,
      0.0466618
    ],
    [
      -0.018313,
      0.0293242
    ],
    [
      -0.0176589,
      0.0289555
    ],
    [
      -0.0170049,
      0.0286042
    ],
    [
      -0.0163509,
      0.0282696
    ],
    [
      -0.0156968,
      0.0279514
    ],
    [
      -0.0150428,
      0.027649
    ],
    [
      -0.0143888,
      0.027362
    ],
    [
      -0.0137347,
      0.0270901
    ],
    [
      -0.0130807,
      0.0268328
    ],
    [
      -0.0124267,
      0.0265898
    ],
    [
      -0.0117726,
      0.0263609
    ],
    [
      -0.0111186,
      0.0261457
    ],
    [
      -0.0104646,
      0.025944
    ],
    [
      -0.0098105,
      0.0257556
    ],
    [
      -0.0091565,
      0.0255803
    ],
    [
      -0.0085024,
      0.0254178
    ],
    [
      -0.0078484,
      0.0252681
    ],
    [
      -0.0071944,
      0.0251308
    ],
    [
      -0.0065403,
      0.025006
    ],
    [
      -0.0058863,
      0.0248934
    ],
    [
      -0.0052323,
      0.0247929
    ],
    [
      -0.0045782,
      0.0247046
    ],
    [
      -0.0039242,
      0.0246281
    ],
    [
      -0.0032702,
      0.0245636
    ],
    [
      -0.0026161,
      0.0245108
    ],
    [
      -0.0019621,
      0.0244699
    ],
    [
      -0.0013081,
      0.0244407
    ],
    [
      -0.000654,
      0.0244231
    ],
    [
      0.0,
      0.0244173
    ],
    [
      0.0001709,
      0.0244189
    ],
    [
      0.0003419,
      0.0244236
    ],
    [
      0.0005128,
      0.0244314
    ],
    [
      0.0006837,
      0.0244424
    ],
    [
      0.0008546,
      0.0244565
    ],
    [
      0.0010256,
      0.0244738
    ],
    [
      0.0011965,
      0.0244943
    ],
    [
      0.0013674,
      0.0245181
    ],
    [
      0.0015383,
      0.024545
    ],
    [
      0.0017093,
      0.0245752
    ],
    [
      0.0018802,
      0.0246088
    ],
    [
      0.0020511,
      0.0246456
    ],
    [
      0.002222,
      0.0246858
    ],
    [
      0.002393,
      0.0247295
    ],
    [
      0.0025639,
      0.0247766
    ],
    [
      0.0027348,
      0.0248272
    ],
    [
      0.0029057,
      0.0248814
    ],
    [
      0.0030767,
      0.0249393
    ],
    [
      0.0032476,
      0.0250009
    ],
    [
      0.0034185,
      0.0250663
    ],
    [
      0.0051161,
      0.0257335
    ],
    [
      0.0067648,
      0.0263787
    ],
    [
      0.0083665,
      0.0270027
    ],
    [
      0.0099231,
      0.0276065
    ],
    [
      0.0114362,
      0.0281907
    ],
    [
      0.0129074,
      0.0287563
    ],
    [
      0.0143383,
      0.029304
    ],
    [
      0.0157305,
      0.0298343
    ],
    [
      0.0170852,
      0.0303481
    ],
    [
      0.0184038,
      0.030846
    ],
    [
      0.0196877,
      0.0313286
    ],
    [
      0.0209381,
      0.0317964
    ],
    [
      0.022156,
      0.03225
    ],
    [
      0.0233428,
      0.0326899
    ],
    [
      0.0244993,
      0.0331167
    ],
    [
      0.0256268,
      0.0335309
    ],
    [
      0.026726,
      0.0339328
    ],
    [
      0.0277981,
      0.0343229
    ],
    [
      0.0288438,
      0.0347017
    ],
    [
      0.0298642,
      0.0350696
    ],
    [
      0.0308599,
      0.0354269
    ],
    [
      0.0318318,
      0.035774
    ],
    [
      0.0327806,
      0.0361113
    ],
    [
      0.0337072,
      0.0364391
    ],
    [
      0.0346121,
      0.0367577
    ],
    [
      0.0354961,
      0.0370675
    ],
    [
      0.0363599,
      0.0373687
    ],
    [
      0.037204,
      0.0376616
    ],
    [
      0.038029,
      0.0379466
    ],
    [
      0.0388356,
      0.0382238
    ],
    [
      0.0396243,
      0.0384935
    ],
    [
      0.0403956,
      0.038756
    ],
    [
      0.04115,
      0.0390115
    ],
    [
      0.041888,
      0.0392602
    ],
    [
      0.0426102,
      0.0395024
    ],
    [
      0.043317,
      0.0397382
    ],
    [
      0.0440087,
      0.0399679
    ],
    [
      0.0446859,
      0.0401916
    ],
    [
      0.045349,
      0.0404095
    ],
    [
      0.0459983,
      0.0406219
    ],
    [
      0.0466343,
      0.0408288
    ],
    [
      0.0472573,
      0.0410305
    ],
    [
      0.0478676,
      0.041227
    ],
    [
      0.0484657,
      0.0414186
    ],
    [
      0.0490518,
      0.0416055
    ],
    [
      0.0496263,
      0.0417876
    ],
    [
      0.0501895,
      0.0419653
    ],
    [
      0.0507416,
      0.0421385
    ],
    [
      0.0512831,
      0.0423076
    ],
    [
      0.0518141,
      0.0424724
    ],
    [
      0.0523349,
      0.0426333
    ],
    [
      0.0528458,
      0.0427903
    ],
    [
      0.053347,
      0.0429434
    ],
    [
      0.0538389,
      0.0430929
    ],
    [
      0.0543216,
      0.0432389
    ],
    [
      0.0547953,
      0.0433813
    ],
    [
      0.0552604,
      0.0435204
    ],
    [
      0.0557169,
      0.0436562
    ],
    [
      0.0561652,
      0.0437888
    ],
    [
      0.0566053,
      0.0439182
    ],
    [
      0.0570376,
      0.0440447
    ],
    [
      0.0574622,
      0.0441682
    ],
    [
      0.0578793,
      0.0442889
    ],
    [
      0.0582891,
      0.0444067
    ],
    [
      0.0586917,
      0.0445219
    ],
    [
      0.0590873,
      0.0446344
    ],
    [
      0.0594761,
      0.0447444
    ],
    [
      0.0598583,
      0.0448518
    ],
    [
      0.0602339,
      0.0449568
    ],
    [
      0.0606032,
      0.0450595
    ],
    [
      0.0609662,
      0.0451598
    ],
    [
      0.0613232,
      0.0452579
    ],
    [
      0.0616743,
      0.0453537
    ],
    [
      0.0620196,
      0.0454475
    ],
    [
      0.0623592,
      0.0455391
    ],
    [
      0.0626933,
      0.0456288
    ],
    [
      0.0630219,
      0.0457164
    ],
    [
      0.0633453,
      0.0458021
    ],
    [
      0.0636634,
      0.0458859
    ],
    [
      0.0639765,
      0.0459679
    ],
    [
      0.0642847,
      0.0460481
    ],
    [
      0.064588,
      0.0461266
    ],
    [
      0.0648865,
      0.0462033
    ],
    [
      0.0651804,
      0.0462784
    ],
    [
      0.0654697,
      0.0463519
    ],
    [
